NAME,DURATION
https://en.wikipedia.org/wiki/Software_metric,623.8999999761581
visible,0
https://en.wikipedia.org/w/load.php?lang=en&modules=codex-search-styles%7Cext.cite.styles%7Cext.uls.interlanguage%7Cext.visualEditor.desktopArticleTarget.noscript%7Cext.wikimediaBadges%7Cjquery.makeCollapsible.styles%7Cskins.vector.icons%2Cstyles%7Cskins.vector.zebra.styles%7Cwikibase.client.init&only=styles&skin=vector-2022,69.60000002384186
https://en.wikipedia.org/w/load.php?lang=en&modules=startup&only=scripts&raw=1&skin=vector-2022,96.90000009536743
https://en.wikipedia.org/w/load.php?lang=en&modules=site.styles&only=styles&skin=vector-2022,70.29999995231628
https://en.wikipedia.org/static/images/icons/wikipedia.png,113.10000002384186
https://en.wikipedia.org/static/images/mobile/copyright/wikipedia-wordmark-en.svg,101.70000004768372
https://en.wikipedia.org/static/images/mobile/copyright/wikipedia-tagline-en.svg,113.5
https://en.wikipedia.org/static/images/project-logos/enwiki-1.5x.png,61.299999952316284
https://en.wikipedia.org/w/load.php?modules=skins.vector.icons&image=menu&format=original&lang=en&skin=vector-2022&version=157zz,51.89999997615814
https://en.wikipedia.org/w/load.php?modules=skins.vector.icons&image=ellipsis&format=original&lang=en&skin=vector-2022&version=157zz,50
https://en.wikipedia.org/w/skins/Vector/resources/skins.vector.styles/images/arrow-down.svg?9426f,52.300000071525574
https://en.wikipedia.org/w/load.php?modules=skins.vector.icons&image=language&variant=progressive&format=original&lang=en&skin=vector-2022&version=157zz,52.299999952316284
https://en.wikipedia.org/w/skins/Vector/resources/skins.vector.styles/images/arrow-down-progressive.svg?f0b59,54.60000002384186
https://en.wikipedia.org/w/skins/Vector/resources/skins.vector.styles/images/bullet-icon.svg?d4515,53.5
https://en.wikipedia.org/w/skins/Vector/resources/skins.vector.styles/images/link-external-small-ltr-progressive.svg?30a3a,56.40000009536743
https://upload.wikimedia.org/wikipedia/commons/6/65/Lock-green.svg,187
https://upload.wikimedia.org/wikipedia/commons/4/4d/Icon_pdf_file.png,186.69999992847443
mwStartup,0
https://en.wikipedia.org/w/load.php?lang=en&modules=ext.gadget.ReferenceTooltips%2Cswitcher&skin=vector-2022&version=7q91c,53.299999952316284
https://en.wikipedia.org/w/load.php?lang=en&modules=ext.visualEditor.core.utils.parsing%7Cext.visualEditor.desktopArticleTarget.init%7Cext.visualEditor.progressBarWidget%2CsupportCheck%2CtargetLoader%2CtempWikitextEditorWidget%2Ctrack%2Cve&skin=vector-2022&version=mirdk,71.69999992847443
https://en.wikipedia.org/w/load.php?lang=en&modules=ext.centralNotice.bannerHistoryLogger%2CchoiceData%2Cdisplay%2CgeoIP%2CimpressionDiet%2CkvStore%2ClargeBannerLimit%2ClegacySupport%2CstartUp%7Cext.centralauth.ForeignApi%2Ccentralautologin%7Cext.checkUser.clientHints%7Cext.cite.ux-enhancements%7Cext.cx.eventlogging.campaigns%7Cext.cx.model%7Cext.cx.uls.quick.actions%7Cext.echo.centralauth%7Cext.eventLogging%2CnavigationTiming%2Cpopups%2CwikimediaEvents%7Cext.growthExperiments.SuggestedEditSession%7Cext.uls.common%2Ccompactlinks%2Cinterface%2Cpreferences%2Cwebfonts%7Cext.urlShortener.toolbar%7Cjquery%2Coojs%2Csite%7Cjquery.client%2CmakeCollapsible%2CtextSelection%7Cjquery.uls.data%7Cmediawiki.ForeignApi%2CString%2CTitle%2CUri%2Capi%2Cbase%2Ccldr%2Ccookie%2Cexperiments%2CjqueryMsg%2Clanguage%2Cstorage%2Ctoc%2CtoggleAllCollapsibles%2Cuser%2Cutil%2CvisibleTimeout%7Cmediawiki.ForeignApi.core%7Cmediawiki.editfont.styles%7Cmediawiki.libs.pluralruleparser%7Cmediawiki.page.ready%7Cmediawiki.page.watch.ajax%7Cmw.cx.SiteMapper%7Coojs-ui.styles.icons-interactions%7Cskins.vector.clientPreferences%2Cjs%7Cskins.vector.icons.js%7Cwikibase.client.vector-2022&skin=vector-2022&version=1xn75,171.10000002384186
https://en.wikipedia.org/w/load.php?lang=en&modules=ext.math.popup%7Cext.popups.images%2Cmain&skin=vector-2022&version=be617,59.59999990463257
first-paint,0
first-contentful-paint,0
https://en.wikipedia.org/w/load.php?lang=en&modules=mw.config.values.wbCurrentSiteDetails%2CwbRepo%7Coojs-ui.styles.icons-editing-core&skin=vector-2022&version=ur3r2,57.10000002384186
https://login.wikimedia.org/wiki/Special:CentralAutoLogin/checkLoggedIn?type=script&wikiid=enwiki,44.5
https://en.wikipedia.org/wiki/Software_metric,175
visible,0
https://en.wikipedia.org/w/load.php?lang=en&modules=codex-search-styles%7Cext.cite.styles%7Cext.uls.interlanguage%7Cext.visualEditor.desktopArticleTarget.noscript%7Cext.wikimediaBadges%7Cjquery.makeCollapsible.styles%7Cskins.vector.icons%2Cstyles%7Cskins.vector.zebra.styles%7Cwikibase.client.init&only=styles&skin=vector-2022,0
https://en.wikipedia.org/w/load.php?lang=en&modules=startup&only=scripts&raw=1&skin=vector-2022,0
https://en.wikipedia.org/w/load.php?lang=en&modules=site.styles&only=styles&skin=vector-2022,0
https://en.wikipedia.org/static/images/icons/wikipedia.png,0
https://en.wikipedia.org/static/images/mobile/copyright/wikipedia-wordmark-en.svg,0
https://en.wikipedia.org/static/images/mobile/copyright/wikipedia-tagline-en.svg,0
mwStartup,0
https://en.wikipedia.org/w/load.php?lang=en&modules=ext.gadget.ReferenceTooltips%2Cswitcher&skin=vector-2022&version=7q91c,0
https://en.wikipedia.org/w/load.php?lang=en&modules=ext.visualEditor.core.utils.parsing%7Cext.visualEditor.desktopArticleTarget.init%7Cext.visualEditor.progressBarWidget%2CsupportCheck%2CtargetLoader%2CtempWikitextEditorWidget%2Ctrack%2Cve&skin=vector-2022&version=mirdk,0
https://en.wikipedia.org/w/load.php?lang=en&modules=ext.centralNotice.bannerHistoryLogger%2CchoiceData%2Cdisplay%2CgeoIP%2CimpressionDiet%2CkvStore%2ClargeBannerLimit%2ClegacySupport%2CstartUp%7Cext.centralauth.ForeignApi%2Ccentralautologin%7Cext.checkUser.clientHints%7Cext.cite.ux-enhancements%7Cext.cx.eventlogging.campaigns%7Cext.cx.model%7Cext.cx.uls.quick.actions%7Cext.echo.centralauth%7Cext.eventLogging%2CnavigationTiming%2Cpopups%2CwikimediaEvents%7Cext.growthExperiments.SuggestedEditSession%7Cext.uls.common%2Ccompactlinks%2Cinterface%2Cpreferences%2Cwebfonts%7Cext.urlShortener.toolbar%7Cjquery%2Coojs%2Csite%7Cjquery.client%2CmakeCollapsible%2CtextSelection%7Cjquery.uls.data%7Cmediawiki.ForeignApi%2CString%2CTitle%2CUri%2Capi%2Cbase%2Ccldr%2Ccookie%2Cexperiments%2CjqueryMsg%2Clanguage%2Cstorage%2Ctoc%2CtoggleAllCollapsibles%2Cuser%2Cutil%2CvisibleTimeout%7Cmediawiki.ForeignApi.core%7Cmediawiki.editfont.styles%7Cmediawiki.libs.pluralruleparser%7Cmediawiki.page.ready%7Cmediawiki.page.watch.ajax%7Cmw.cx.SiteMapper%7Coojs-ui.styles.icons-interactions%7Cskins.vector.clientPreferences%2Cjs%7Cskins.vector.icons.js%7Cwikibase.client.vector-2022&skin=vector-2022&version=1xn75,0
https://en.wikipedia.org/w/load.php?modules=skins.vector.icons&image=menu&format=original&lang=en&skin=vector-2022&version=157zz,0
"data:image/svg+xml;utf8,<svg xmlns=""http://www.w3.org/2000/svg"" xmlns:xlink=""http://www.w3.org/1999/xlink"" width=""20"" height=""20"" viewBox=""0 0 20 20"" fill=""%23202122""><path d=""M12.2 13.6a7 7 0 111.4-1.4l5.4 5.4-1.4 1.4zM3 8a5 5 0 1010 0A5 5 0 003 8z""/></svg>",0
https://en.wikipedia.org/w/load.php?modules=skins.vector.icons&image=ellipsis&format=original&lang=en&skin=vector-2022&version=157zz,0
https://en.wikipedia.org/w/skins/Vector/resources/skins.vector.styles/images/arrow-down.svg?9426f,0
https://en.wikipedia.org/w/load.php?modules=skins.vector.icons&image=language&variant=progressive&format=original&lang=en&skin=vector-2022&version=157zz,0
https://en.wikipedia.org/w/skins/Vector/resources/skins.vector.styles/images/arrow-down-progressive.svg?f0b59,0
https://en.wikipedia.org/w/skins/Vector/resources/skins.vector.styles/images/arrow-down.svg?9426f,0
https://en.wikipedia.org/w/skins/Vector/resources/skins.vector.styles/images/bullet-icon.svg?d4515,0
https://en.wikipedia.org/w/skins/Vector/resources/skins.vector.styles/images/bullet-icon.svg?d4515,0
https://en.wikipedia.org/w/skins/Vector/resources/skins.vector.styles/images/link-external-small-ltr-progressive.svg?30a3a,0
https://upload.wikimedia.org/wikipedia/commons/6/65/Lock-green.svg,0
first-paint,0
first-contentful-paint,0
https://upload.wikimedia.org/wikipedia/commons/4/4d/Icon_pdf_file.png,0
https://en.wikipedia.org/w/skins/Vector/resources/skins.vector.styles/images/link-external-small-ltr-progressive.svg?30a3a,0
https://en.wikipedia.org/w/skins/Vector/resources/skins.vector.styles/images/link-external-small-ltr-progressive.svg?30a3a,0
https://en.wikipedia.org/w/skins/Vector/resources/skins.vector.styles/images/link-external-small-ltr-progressive.svg?30a3a,0
https://en.wikipedia.org/w/skins/Vector/resources/skins.vector.styles/images/link-external-small-ltr-progressive.svg?30a3a,0
https://en.wikipedia.org/w/skins/Vector/resources/skins.vector.styles/images/link-external-small-ltr-progressive.svg?30a3a,0
https://en.wikipedia.org/w/skins/Vector/resources/skins.vector.styles/images/link-external-small-ltr-progressive.svg?30a3a,0
https://en.wikipedia.org/w/skins/Vector/resources/skins.vector.styles/images/link-external-small-ltr-progressive.svg?30a3a,0
https://en.wikipedia.org/w/skins/Vector/resources/skins.vector.styles/images/link-external-small-ltr-progressive.svg?30a3a,0
https://en.wikipedia.org/w/skins/Vector/resources/skins.vector.styles/images/link-external-small-ltr-progressive.svg?30a3a,0
https://en.wikipedia.org/w/load.php?lang=en&modules=ext.math.popup%7Cext.popups.images%2Cmain&skin=vector-2022&version=be617,0
https://en.wikipedia.org/w/load.php?lang=en&modules=mw.config.values.wbCurrentSiteDetails%2CwbRepo%7Coojs-ui.styles.icons-editing-core&skin=vector-2022&version=ur3r2,0
https://en.wikipedia.org/w/load.php?lang=en&modules=mediawiki.ui.button&skin=vector-2022&version=uoov2,0
https://en.wikipedia.org/w/skins/Vector/resources/skins.vector.styles/images/bullet-icon.svg?d4515,0
https://en.wikipedia.org/w/skins/Vector/resources/skins.vector.styles/images/link-external-small-ltr-progressive.svg?30a3a,0
https://en.wikipedia.org/w/skins/Vector/resources/skins.vector.styles/images/link-external-small-ltr-progressive.svg?30a3a,0
https://en.wikipedia.org/w/skins/Vector/resources/skins.vector.styles/images/link-external-small-ltr-progressive.svg?30a3a,0
https://en.wikipedia.org/w/skins/Vector/resources/skins.vector.styles/images/link-external-small-ltr-progressive.svg?30a3a,0
https://en.wikipedia.org/w/skins/Vector/resources/skins.vector.styles/images/link-external-small-ltr-progressive.svg?30a3a,0
https://en.wikipedia.org/w/skins/Vector/resources/skins.vector.styles/images/link-external-small-ltr-progressive.svg?30a3a,0
https://en.wikipedia.org/w/skins/Vector/resources/skins.vector.styles/images/link-external-small-ltr-progressive.svg?30a3a,0
https://en.wikipedia.org/w/skins/Vector/resources/skins.vector.styles/images/link-external-small-ltr-progressive.svg?30a3a,0
https://en.wikipedia.org/w/skins/Vector/resources/skins.vector.styles/images/link-external-small-ltr-progressive.svg?30a3a,0
https://en.wikipedia.org/wiki/Software_metric,142.70000004768372
visible,0
https://en.wikipedia.org/w/load.php?lang=en&modules=codex-search-styles%7Cext.cite.styles%7Cext.uls.interlanguage%7Cext.visualEditor.desktopArticleTarget.noscript%7Cext.wikimediaBadges%7Cjquery.makeCollapsible.styles%7Cskins.vector.icons%2Cstyles%7Cskins.vector.zebra.styles%7Cwikibase.client.init&only=styles&skin=vector-2022,0
https://en.wikipedia.org/w/load.php?lang=en&modules=startup&only=scripts&raw=1&skin=vector-2022,0
https://en.wikipedia.org/w/load.php?lang=en&modules=site.styles&only=styles&skin=vector-2022,0
https://en.wikipedia.org/static/images/icons/wikipedia.png,0
https://en.wikipedia.org/static/images/mobile/copyright/wikipedia-wordmark-en.svg,0
https://en.wikipedia.org/static/images/mobile/copyright/wikipedia-tagline-en.svg,0
mwStartup,0
https://en.wikipedia.org/w/load.php?lang=en&modules=ext.gadget.ReferenceTooltips%2Cswitcher&skin=vector-2022&version=7q91c,0
https://en.wikipedia.org/w/load.php?lang=en&modules=ext.visualEditor.core.utils.parsing%7Cext.visualEditor.desktopArticleTarget.init%7Cext.visualEditor.progressBarWidget%2CsupportCheck%2CtargetLoader%2CtempWikitextEditorWidget%2Ctrack%2Cve&skin=vector-2022&version=mirdk,0
https://en.wikipedia.org/w/load.php?lang=en&modules=ext.centralNotice.bannerHistoryLogger%2CchoiceData%2Cdisplay%2CgeoIP%2CimpressionDiet%2CkvStore%2ClargeBannerLimit%2ClegacySupport%2CstartUp%7Cext.centralauth.ForeignApi%2Ccentralautologin%7Cext.checkUser.clientHints%7Cext.cite.ux-enhancements%7Cext.cx.eventlogging.campaigns%7Cext.cx.model%7Cext.cx.uls.quick.actions%7Cext.echo.centralauth%7Cext.eventLogging%2CnavigationTiming%2Cpopups%2CwikimediaEvents%7Cext.growthExperiments.SuggestedEditSession%7Cext.uls.common%2Ccompactlinks%2Cinterface%2Cpreferences%2Cwebfonts%7Cext.urlShortener.toolbar%7Cjquery%2Coojs%2Csite%7Cjquery.client%2CmakeCollapsible%2CtextSelection%7Cjquery.uls.data%7Cmediawiki.ForeignApi%2CString%2CTitle%2CUri%2Capi%2Cbase%2Ccldr%2Ccookie%2Cexperiments%2CjqueryMsg%2Clanguage%2Cstorage%2Ctoc%2CtoggleAllCollapsibles%2Cuser%2Cutil%2CvisibleTimeout%7Cmediawiki.ForeignApi.core%7Cmediawiki.editfont.styles%7Cmediawiki.libs.pluralruleparser%7Cmediawiki.page.ready%7Cmediawiki.page.watch.ajax%7Cmw.cx.SiteMapper%7Coojs-ui.styles.icons-interactions%7Cskins.vector.clientPreferences%2Cjs%7Cskins.vector.icons.js%7Cwikibase.client.vector-2022&skin=vector-2022&version=1xn75,0
https://en.wikipedia.org/w/load.php?modules=skins.vector.icons&image=menu&format=original&lang=en&skin=vector-2022&version=157zz,0
"data:image/svg+xml;utf8,<svg xmlns=""http://www.w3.org/2000/svg"" xmlns:xlink=""http://www.w3.org/1999/xlink"" width=""20"" height=""20"" viewBox=""0 0 20 20"" fill=""%23202122""><path d=""M12.2 13.6a7 7 0 111.4-1.4l5.4 5.4-1.4 1.4zM3 8a5 5 0 1010 0A5 5 0 003 8z""/></svg>",0
https://en.wikipedia.org/w/load.php?modules=skins.vector.icons&image=ellipsis&format=original&lang=en&skin=vector-2022&version=157zz,0
https://en.wikipedia.org/w/skins/Vector/resources/skins.vector.styles/images/arrow-down.svg?9426f,0
https://en.wikipedia.org/w/load.php?modules=skins.vector.icons&image=language&variant=progressive&format=original&lang=en&skin=vector-2022&version=157zz,0
https://en.wikipedia.org/w/skins/Vector/resources/skins.vector.styles/images/arrow-down-progressive.svg?f0b59,0
https://en.wikipedia.org/w/skins/Vector/resources/skins.vector.styles/images/arrow-down.svg?9426f,0
https://en.wikipedia.org/w/skins/Vector/resources/skins.vector.styles/images/bullet-icon.svg?d4515,0
https://en.wikipedia.org/w/skins/Vector/resources/skins.vector.styles/images/bullet-icon.svg?d4515,0
https://en.wikipedia.org/w/skins/Vector/resources/skins.vector.styles/images/link-external-small-ltr-progressive.svg?30a3a,0
https://upload.wikimedia.org/wikipedia/commons/6/65/Lock-green.svg,0
https://upload.wikimedia.org/wikipedia/commons/4/4d/Icon_pdf_file.png,0
https://en.wikipedia.org/w/skins/Vector/resources/skins.vector.styles/images/link-external-small-ltr-progressive.svg?30a3a,0
https://en.wikipedia.org/w/skins/Vector/resources/skins.vector.styles/images/link-external-small-ltr-progressive.svg?30a3a,0
https://en.wikipedia.org/w/skins/Vector/resources/skins.vector.styles/images/link-external-small-ltr-progressive.svg?30a3a,0
https://en.wikipedia.org/w/skins/Vector/resources/skins.vector.styles/images/link-external-small-ltr-progressive.svg?30a3a,0
first-paint,0
first-contentful-paint,0
https://en.wikipedia.org/w/skins/Vector/resources/skins.vector.styles/images/link-external-small-ltr-progressive.svg?30a3a,0
https://en.wikipedia.org/w/skins/Vector/resources/skins.vector.styles/images/link-external-small-ltr-progressive.svg?30a3a,0
https://en.wikipedia.org/w/skins/Vector/resources/skins.vector.styles/images/link-external-small-ltr-progressive.svg?30a3a,0
https://en.wikipedia.org/w/skins/Vector/resources/skins.vector.styles/images/link-external-small-ltr-progressive.svg?30a3a,0
https://en.wikipedia.org/w/skins/Vector/resources/skins.vector.styles/images/link-external-small-ltr-progressive.svg?30a3a,0
https://en.wikipedia.org/w/load.php?lang=en&modules=ext.math.popup%7Cext.popups.images%2Cmain&skin=vector-2022&version=be617,0
https://en.wikipedia.org/w/load.php?lang=en&modules=mw.config.values.wbCurrentSiteDetails%2CwbRepo%7Coojs-ui.styles.icons-editing-core&skin=vector-2022&version=ur3r2,0
https://en.wikipedia.org/w/load.php?lang=en&modules=mediawiki.ui.button&skin=vector-2022&version=uoov2,0
https://en.wikipedia.org/w/skins/Vector/resources/skins.vector.styles/images/bullet-icon.svg?d4515,0
https://en.wikipedia.org/w/skins/Vector/resources/skins.vector.styles/images/link-external-small-ltr-progressive.svg?30a3a,0
https://en.wikipedia.org/w/skins/Vector/resources/skins.vector.styles/images/link-external-small-ltr-progressive.svg?30a3a,0
https://en.wikipedia.org/w/skins/Vector/resources/skins.vector.styles/images/link-external-small-ltr-progressive.svg?30a3a,0
https://en.wikipedia.org/w/skins/Vector/resources/skins.vector.styles/images/link-external-small-ltr-progressive.svg?30a3a,0
https://en.wikipedia.org/w/skins/Vector/resources/skins.vector.styles/images/link-external-small-ltr-progressive.svg?30a3a,0
https://en.wikipedia.org/w/skins/Vector/resources/skins.vector.styles/images/link-external-small-ltr-progressive.svg?30a3a,0
https://en.wikipedia.org/w/skins/Vector/resources/skins.vector.styles/images/link-external-small-ltr-progressive.svg?30a3a,0
https://en.wikipedia.org/w/skins/Vector/resources/skins.vector.styles/images/link-external-small-ltr-progressive.svg?30a3a,0
https://en.wikipedia.org/w/skins/Vector/resources/skins.vector.styles/images/link-external-small-ltr-progressive.svg?30a3a,0
https://en.wikipedia.org/wiki/Software_metric,128.70000004768372
visible,0
https://en.wikipedia.org/w/load.php?lang=en&modules=codex-search-styles%7Cext.cite.styles%7Cext.uls.interlanguage%7Cext.visualEditor.desktopArticleTarget.noscript%7Cext.wikimediaBadges%7Cjquery.makeCollapsible.styles%7Cskins.vector.icons%2Cstyles%7Cskins.vector.zebra.styles%7Cwikibase.client.init&only=styles&skin=vector-2022,0
https://en.wikipedia.org/w/load.php?lang=en&modules=startup&only=scripts&raw=1&skin=vector-2022,0
https://en.wikipedia.org/w/load.php?lang=en&modules=site.styles&only=styles&skin=vector-2022,0
https://en.wikipedia.org/static/images/icons/wikipedia.png,0
https://en.wikipedia.org/static/images/mobile/copyright/wikipedia-wordmark-en.svg,0
https://en.wikipedia.org/static/images/mobile/copyright/wikipedia-tagline-en.svg,0
https://en.wikipedia.org/w/load.php?modules=skins.vector.icons&image=menu&format=original&lang=en&skin=vector-2022&version=157zz,0
"data:image/svg+xml;utf8,<svg xmlns=""http://www.w3.org/2000/svg"" xmlns:xlink=""http://www.w3.org/1999/xlink"" width=""20"" height=""20"" viewBox=""0 0 20 20"" fill=""%23202122""><path d=""M12.2 13.6a7 7 0 111.4-1.4l5.4 5.4-1.4 1.4zM3 8a5 5 0 1010 0A5 5 0 003 8z""/></svg>",0
https://en.wikipedia.org/w/load.php?modules=skins.vector.icons&image=ellipsis&format=original&lang=en&skin=vector-2022&version=157zz,0
https://en.wikipedia.org/w/skins/Vector/resources/skins.vector.styles/images/arrow-down.svg?9426f,0
https://en.wikipedia.org/w/load.php?modules=skins.vector.icons&image=language&variant=progressive&format=original&lang=en&skin=vector-2022&version=157zz,0
https://en.wikipedia.org/w/skins/Vector/resources/skins.vector.styles/images/arrow-down-progressive.svg?f0b59,0
https://en.wikipedia.org/w/skins/Vector/resources/skins.vector.styles/images/arrow-down.svg?9426f,0
https://en.wikipedia.org/w/skins/Vector/resources/skins.vector.styles/images/bullet-icon.svg?d4515,0
https://en.wikipedia.org/w/skins/Vector/resources/skins.vector.styles/images/bullet-icon.svg?d4515,0
https://en.wikipedia.org/w/skins/Vector/resources/skins.vector.styles/images/link-external-small-ltr-progressive.svg?30a3a,0
https://upload.wikimedia.org/wikipedia/commons/6/65/Lock-green.svg,0
https://upload.wikimedia.org/wikipedia/commons/4/4d/Icon_pdf_file.png,0
https://en.wikipedia.org/w/skins/Vector/resources/skins.vector.styles/images/link-external-small-ltr-progressive.svg?30a3a,0
https://en.wikipedia.org/w/skins/Vector/resources/skins.vector.styles/images/link-external-small-ltr-progressive.svg?30a3a,0
https://en.wikipedia.org/w/skins/Vector/resources/skins.vector.styles/images/link-external-small-ltr-progressive.svg?30a3a,0
https://en.wikipedia.org/w/skins/Vector/resources/skins.vector.styles/images/link-external-small-ltr-progressive.svg?30a3a,0
https://en.wikipedia.org/w/skins/Vector/resources/skins.vector.styles/images/link-external-small-ltr-progressive.svg?30a3a,0
https://en.wikipedia.org/w/skins/Vector/resources/skins.vector.styles/images/link-external-small-ltr-progressive.svg?30a3a,0
https://en.wikipedia.org/w/skins/Vector/resources/skins.vector.styles/images/link-external-small-ltr-progressive.svg?30a3a,0
https://en.wikipedia.org/w/skins/Vector/resources/skins.vector.styles/images/link-external-small-ltr-progressive.svg?30a3a,0
https://en.wikipedia.org/w/skins/Vector/resources/skins.vector.styles/images/link-external-small-ltr-progressive.svg?30a3a,0
mwStartup,0
https://en.wikipedia.org/w/load.php?lang=en&modules=ext.gadget.ReferenceTooltips%2Cswitcher&skin=vector-2022&version=7q91c,0
https://en.wikipedia.org/w/load.php?lang=en&modules=ext.visualEditor.core.utils.parsing%7Cext.visualEditor.desktopArticleTarget.init%7Cext.visualEditor.progressBarWidget%2CsupportCheck%2CtargetLoader%2CtempWikitextEditorWidget%2Ctrack%2Cve&skin=vector-2022&version=mirdk,0
https://en.wikipedia.org/w/load.php?lang=en&modules=ext.centralNotice.bannerHistoryLogger%2CchoiceData%2Cdisplay%2CgeoIP%2CimpressionDiet%2CkvStore%2ClargeBannerLimit%2ClegacySupport%2CstartUp%7Cext.centralauth.ForeignApi%2Ccentralautologin%7Cext.checkUser.clientHints%7Cext.cite.ux-enhancements%7Cext.cx.eventlogging.campaigns%7Cext.cx.model%7Cext.cx.uls.quick.actions%7Cext.echo.centralauth%7Cext.eventLogging%2CnavigationTiming%2Cpopups%2CwikimediaEvents%7Cext.growthExperiments.SuggestedEditSession%7Cext.uls.common%2Ccompactlinks%2Cinterface%2Cpreferences%2Cwebfonts%7Cext.urlShortener.toolbar%7Cjquery%2Coojs%2Csite%7Cjquery.client%2CmakeCollapsible%2CtextSelection%7Cjquery.uls.data%7Cmediawiki.ForeignApi%2CString%2CTitle%2CUri%2Capi%2Cbase%2Ccldr%2Ccookie%2Cexperiments%2CjqueryMsg%2Clanguage%2Cstorage%2Ctoc%2CtoggleAllCollapsibles%2Cuser%2Cutil%2CvisibleTimeout%7Cmediawiki.ForeignApi.core%7Cmediawiki.editfont.styles%7Cmediawiki.libs.pluralruleparser%7Cmediawiki.page.ready%7Cmediawiki.page.watch.ajax%7Cmw.cx.SiteMapper%7Coojs-ui.styles.icons-interactions%7Cskins.vector.clientPreferences%2Cjs%7Cskins.vector.icons.js%7Cwikibase.client.vector-2022&skin=vector-2022&version=1xn75,0
https://en.wikipedia.org/w/load.php?lang=en&modules=ext.math.popup%7Cext.popups.images%2Cmain&skin=vector-2022&version=be617,0
https://en.wikipedia.org/w/load.php?lang=en&modules=mw.config.values.wbCurrentSiteDetails%2CwbRepo%7Coojs-ui.styles.icons-editing-core&skin=vector-2022&version=ur3r2,0
first-paint,0
first-contentful-paint,0
https://en.wikipedia.org/w/load.php?lang=en&modules=mediawiki.ui.button&skin=vector-2022&version=uoov2,0
https://en.wikipedia.org/w/skins/Vector/resources/skins.vector.styles/images/bullet-icon.svg?d4515,0
https://en.wikipedia.org/w/skins/Vector/resources/skins.vector.styles/images/link-external-small-ltr-progressive.svg?30a3a,0
https://en.wikipedia.org/w/skins/Vector/resources/skins.vector.styles/images/link-external-small-ltr-progressive.svg?30a3a,0
https://en.wikipedia.org/w/skins/Vector/resources/skins.vector.styles/images/link-external-small-ltr-progressive.svg?30a3a,0
https://en.wikipedia.org/w/skins/Vector/resources/skins.vector.styles/images/link-external-small-ltr-progressive.svg?30a3a,0
https://en.wikipedia.org/w/skins/Vector/resources/skins.vector.styles/images/link-external-small-ltr-progressive.svg?30a3a,0
https://en.wikipedia.org/w/skins/Vector/resources/skins.vector.styles/images/link-external-small-ltr-progressive.svg?30a3a,0
https://en.wikipedia.org/w/skins/Vector/resources/skins.vector.styles/images/link-external-small-ltr-progressive.svg?30a3a,0
https://en.wikipedia.org/w/skins/Vector/resources/skins.vector.styles/images/link-external-small-ltr-progressive.svg?30a3a,0
https://en.wikipedia.org/w/skins/Vector/resources/skins.vector.styles/images/link-external-small-ltr-progressive.svg?30a3a,0
https://en.wikipedia.org/wiki/Software_metric,141.89999997615814
visible,0
https://en.wikipedia.org/w/load.php?lang=en&modules=codex-search-styles%7Cext.cite.styles%7Cext.uls.interlanguage%7Cext.visualEditor.desktopArticleTarget.noscript%7Cext.wikimediaBadges%7Cjquery.makeCollapsible.styles%7Cskins.vector.icons%2Cstyles%7Cskins.vector.zebra.styles%7Cwikibase.client.init&only=styles&skin=vector-2022,0
https://en.wikipedia.org/w/load.php?lang=en&modules=startup&only=scripts&raw=1&skin=vector-2022,0
https://en.wikipedia.org/w/load.php?lang=en&modules=site.styles&only=styles&skin=vector-2022,0
https://en.wikipedia.org/static/images/icons/wikipedia.png,0
https://en.wikipedia.org/static/images/mobile/copyright/wikipedia-wordmark-en.svg,0
https://en.wikipedia.org/static/images/mobile/copyright/wikipedia-tagline-en.svg,0
https://en.wikipedia.org/w/load.php?modules=skins.vector.icons&image=menu&format=original&lang=en&skin=vector-2022&version=157zz,0
"data:image/svg+xml;utf8,<svg xmlns=""http://www.w3.org/2000/svg"" xmlns:xlink=""http://www.w3.org/1999/xlink"" width=""20"" height=""20"" viewBox=""0 0 20 20"" fill=""%23202122""><path d=""M12.2 13.6a7 7 0 111.4-1.4l5.4 5.4-1.4 1.4zM3 8a5 5 0 1010 0A5 5 0 003 8z""/></svg>",0
https://en.wikipedia.org/w/load.php?modules=skins.vector.icons&image=ellipsis&format=original&lang=en&skin=vector-2022&version=157zz,0
https://en.wikipedia.org/w/skins/Vector/resources/skins.vector.styles/images/arrow-down.svg?9426f,0
https://en.wikipedia.org/w/load.php?modules=skins.vector.icons&image=language&variant=progressive&format=original&lang=en&skin=vector-2022&version=157zz,0
https://en.wikipedia.org/w/skins/Vector/resources/skins.vector.styles/images/arrow-down-progressive.svg?f0b59,0
https://en.wikipedia.org/w/skins/Vector/resources/skins.vector.styles/images/arrow-down.svg?9426f,0
https://en.wikipedia.org/w/skins/Vector/resources/skins.vector.styles/images/bullet-icon.svg?d4515,0
https://en.wikipedia.org/w/skins/Vector/resources/skins.vector.styles/images/bullet-icon.svg?d4515,0
https://en.wikipedia.org/w/skins/Vector/resources/skins.vector.styles/images/link-external-small-ltr-progressive.svg?30a3a,0
https://upload.wikimedia.org/wikipedia/commons/6/65/Lock-green.svg,0
https://upload.wikimedia.org/wikipedia/commons/4/4d/Icon_pdf_file.png,0
https://en.wikipedia.org/w/skins/Vector/resources/skins.vector.styles/images/link-external-small-ltr-progressive.svg?30a3a,0
https://en.wikipedia.org/w/skins/Vector/resources/skins.vector.styles/images/link-external-small-ltr-progressive.svg?30a3a,0
https://en.wikipedia.org/w/skins/Vector/resources/skins.vector.styles/images/link-external-small-ltr-progressive.svg?30a3a,0
https://en.wikipedia.org/w/skins/Vector/resources/skins.vector.styles/images/link-external-small-ltr-progressive.svg?30a3a,0
https://en.wikipedia.org/w/skins/Vector/resources/skins.vector.styles/images/link-external-small-ltr-progressive.svg?30a3a,0
https://en.wikipedia.org/w/skins/Vector/resources/skins.vector.styles/images/link-external-small-ltr-progressive.svg?30a3a,0
https://en.wikipedia.org/w/skins/Vector/resources/skins.vector.styles/images/link-external-small-ltr-progressive.svg?30a3a,0
https://en.wikipedia.org/w/skins/Vector/resources/skins.vector.styles/images/link-external-small-ltr-progressive.svg?30a3a,0
https://en.wikipedia.org/w/skins/Vector/resources/skins.vector.styles/images/link-external-small-ltr-progressive.svg?30a3a,0
mwStartup,0
https://en.wikipedia.org/w/load.php?lang=en&modules=ext.gadget.ReferenceTooltips%2Cswitcher&skin=vector-2022&version=7q91c,0
https://en.wikipedia.org/w/load.php?lang=en&modules=ext.visualEditor.core.utils.parsing%7Cext.visualEditor.desktopArticleTarget.init%7Cext.visualEditor.progressBarWidget%2CsupportCheck%2CtargetLoader%2CtempWikitextEditorWidget%2Ctrack%2Cve&skin=vector-2022&version=mirdk,0
https://en.wikipedia.org/w/load.php?lang=en&modules=ext.centralNotice.bannerHistoryLogger%2CchoiceData%2Cdisplay%2CgeoIP%2CimpressionDiet%2CkvStore%2ClargeBannerLimit%2ClegacySupport%2CstartUp%7Cext.centralauth.ForeignApi%2Ccentralautologin%7Cext.checkUser.clientHints%7Cext.cite.ux-enhancements%7Cext.cx.eventlogging.campaigns%7Cext.cx.model%7Cext.cx.uls.quick.actions%7Cext.echo.centralauth%7Cext.eventLogging%2CnavigationTiming%2Cpopups%2CwikimediaEvents%7Cext.growthExperiments.SuggestedEditSession%7Cext.uls.common%2Ccompactlinks%2Cinterface%2Cpreferences%2Cwebfonts%7Cext.urlShortener.toolbar%7Cjquery%2Coojs%2Csite%7Cjquery.client%2CmakeCollapsible%2CtextSelection%7Cjquery.uls.data%7Cmediawiki.ForeignApi%2CString%2CTitle%2CUri%2Capi%2Cbase%2Ccldr%2Ccookie%2Cexperiments%2CjqueryMsg%2Clanguage%2Cstorage%2Ctoc%2CtoggleAllCollapsibles%2Cuser%2Cutil%2CvisibleTimeout%7Cmediawiki.ForeignApi.core%7Cmediawiki.editfont.styles%7Cmediawiki.libs.pluralruleparser%7Cmediawiki.page.ready%7Cmediawiki.page.watch.ajax%7Cmw.cx.SiteMapper%7Coojs-ui.styles.icons-interactions%7Cskins.vector.clientPreferences%2Cjs%7Cskins.vector.icons.js%7Cwikibase.client.vector-2022&skin=vector-2022&version=1xn75,0
https://en.wikipedia.org/w/load.php?lang=en&modules=ext.math.popup%7Cext.popups.images%2Cmain&skin=vector-2022&version=be617,0
https://en.wikipedia.org/w/load.php?lang=en&modules=mw.config.values.wbCurrentSiteDetails%2CwbRepo%7Coojs-ui.styles.icons-editing-core&skin=vector-2022&version=ur3r2,0
first-paint,0
first-contentful-paint,0
https://en.wikipedia.org/w/load.php?lang=en&modules=mediawiki.ui.button&skin=vector-2022&version=uoov2,0
https://en.wikipedia.org/w/skins/Vector/resources/skins.vector.styles/images/bullet-icon.svg?d4515,0
https://en.wikipedia.org/w/skins/Vector/resources/skins.vector.styles/images/link-external-small-ltr-progressive.svg?30a3a,0
https://en.wikipedia.org/w/skins/Vector/resources/skins.vector.styles/images/link-external-small-ltr-progressive.svg?30a3a,0
https://en.wikipedia.org/w/skins/Vector/resources/skins.vector.styles/images/link-external-small-ltr-progressive.svg?30a3a,0
https://en.wikipedia.org/w/skins/Vector/resources/skins.vector.styles/images/link-external-small-ltr-progressive.svg?30a3a,0
https://en.wikipedia.org/w/skins/Vector/resources/skins.vector.styles/images/link-external-small-ltr-progressive.svg?30a3a,0
https://en.wikipedia.org/w/skins/Vector/resources/skins.vector.styles/images/link-external-small-ltr-progressive.svg?30a3a,0
https://en.wikipedia.org/w/skins/Vector/resources/skins.vector.styles/images/link-external-small-ltr-progressive.svg?30a3a,0
https://en.wikipedia.org/w/skins/Vector/resources/skins.vector.styles/images/link-external-small-ltr-progressive.svg?30a3a,0
https://en.wikipedia.org/w/skins/Vector/resources/skins.vector.styles/images/link-external-small-ltr-progressive.svg?30a3a,0
https://en.wikipedia.org/wiki/Software_metric,145.79999995231628
visible,0
https://en.wikipedia.org/w/load.php?lang=en&modules=codex-search-styles%7Cext.cite.styles%7Cext.uls.interlanguage%7Cext.visualEditor.desktopArticleTarget.noscript%7Cext.wikimediaBadges%7Cjquery.makeCollapsible.styles%7Cskins.vector.icons%2Cstyles%7Cskins.vector.zebra.styles%7Cwikibase.client.init&only=styles&skin=vector-2022,0
https://en.wikipedia.org/w/load.php?lang=en&modules=startup&only=scripts&raw=1&skin=vector-2022,0
https://en.wikipedia.org/w/load.php?lang=en&modules=site.styles&only=styles&skin=vector-2022,0
https://en.wikipedia.org/static/images/icons/wikipedia.png,0
https://en.wikipedia.org/static/images/mobile/copyright/wikipedia-wordmark-en.svg,0
https://en.wikipedia.org/static/images/mobile/copyright/wikipedia-tagline-en.svg,0
mwStartup,0
https://en.wikipedia.org/w/load.php?lang=en&modules=ext.gadget.ReferenceTooltips%2Cswitcher&skin=vector-2022&version=7q91c,0
https://en.wikipedia.org/w/load.php?lang=en&modules=ext.visualEditor.core.utils.parsing%7Cext.visualEditor.desktopArticleTarget.init%7Cext.visualEditor.progressBarWidget%2CsupportCheck%2CtargetLoader%2CtempWikitextEditorWidget%2Ctrack%2Cve&skin=vector-2022&version=mirdk,0
https://en.wikipedia.org/w/load.php?lang=en&modules=ext.centralNotice.bannerHistoryLogger%2CchoiceData%2Cdisplay%2CgeoIP%2CimpressionDiet%2CkvStore%2ClargeBannerLimit%2ClegacySupport%2CstartUp%7Cext.centralauth.ForeignApi%2Ccentralautologin%7Cext.checkUser.clientHints%7Cext.cite.ux-enhancements%7Cext.cx.eventlogging.campaigns%7Cext.cx.model%7Cext.cx.uls.quick.actions%7Cext.echo.centralauth%7Cext.eventLogging%2CnavigationTiming%2Cpopups%2CwikimediaEvents%7Cext.growthExperiments.SuggestedEditSession%7Cext.uls.common%2Ccompactlinks%2Cinterface%2Cpreferences%2Cwebfonts%7Cext.urlShortener.toolbar%7Cjquery%2Coojs%2Csite%7Cjquery.client%2CmakeCollapsible%2CtextSelection%7Cjquery.uls.data%7Cmediawiki.ForeignApi%2CString%2CTitle%2CUri%2Capi%2Cbase%2Ccldr%2Ccookie%2Cexperiments%2CjqueryMsg%2Clanguage%2Cstorage%2Ctoc%2CtoggleAllCollapsibles%2Cuser%2Cutil%2CvisibleTimeout%7Cmediawiki.ForeignApi.core%7Cmediawiki.editfont.styles%7Cmediawiki.libs.pluralruleparser%7Cmediawiki.page.ready%7Cmediawiki.page.watch.ajax%7Cmw.cx.SiteMapper%7Coojs-ui.styles.icons-interactions%7Cskins.vector.clientPreferences%2Cjs%7Cskins.vector.icons.js%7Cwikibase.client.vector-2022&skin=vector-2022&version=1xn75,0
https://en.wikipedia.org/w/load.php?modules=skins.vector.icons&image=menu&format=original&lang=en&skin=vector-2022&version=157zz,0
"data:image/svg+xml;utf8,<svg xmlns=""http://www.w3.org/2000/svg"" xmlns:xlink=""http://www.w3.org/1999/xlink"" width=""20"" height=""20"" viewBox=""0 0 20 20"" fill=""%23202122""><path d=""M12.2 13.6a7 7 0 111.4-1.4l5.4 5.4-1.4 1.4zM3 8a5 5 0 1010 0A5 5 0 003 8z""/></svg>",0
https://en.wikipedia.org/w/load.php?modules=skins.vector.icons&image=ellipsis&format=original&lang=en&skin=vector-2022&version=157zz,0
https://en.wikipedia.org/w/skins/Vector/resources/skins.vector.styles/images/arrow-down.svg?9426f,0
https://en.wikipedia.org/w/load.php?modules=skins.vector.icons&image=language&variant=progressive&format=original&lang=en&skin=vector-2022&version=157zz,0
https://en.wikipedia.org/w/skins/Vector/resources/skins.vector.styles/images/arrow-down-progressive.svg?f0b59,0
https://en.wikipedia.org/w/skins/Vector/resources/skins.vector.styles/images/arrow-down.svg?9426f,0
https://en.wikipedia.org/w/skins/Vector/resources/skins.vector.styles/images/bullet-icon.svg?d4515,0
https://en.wikipedia.org/w/skins/Vector/resources/skins.vector.styles/images/bullet-icon.svg?d4515,0
https://en.wikipedia.org/w/skins/Vector/resources/skins.vector.styles/images/link-external-small-ltr-progressive.svg?30a3a,0
https://upload.wikimedia.org/wikipedia/commons/6/65/Lock-green.svg,0
https://upload.wikimedia.org/wikipedia/commons/4/4d/Icon_pdf_file.png,0
https://en.wikipedia.org/w/skins/Vector/resources/skins.vector.styles/images/link-external-small-ltr-progressive.svg?30a3a,0
https://en.wikipedia.org/w/skins/Vector/resources/skins.vector.styles/images/link-external-small-ltr-progressive.svg?30a3a,0
https://en.wikipedia.org/w/skins/Vector/resources/skins.vector.styles/images/link-external-small-ltr-progressive.svg?30a3a,0
https://en.wikipedia.org/w/skins/Vector/resources/skins.vector.styles/images/link-external-small-ltr-progressive.svg?30a3a,0
https://en.wikipedia.org/w/skins/Vector/resources/skins.vector.styles/images/link-external-small-ltr-progressive.svg?30a3a,0
https://en.wikipedia.org/w/skins/Vector/resources/skins.vector.styles/images/link-external-small-ltr-progressive.svg?30a3a,0
https://en.wikipedia.org/w/skins/Vector/resources/skins.vector.styles/images/link-external-small-ltr-progressive.svg?30a3a,0
https://en.wikipedia.org/w/skins/Vector/resources/skins.vector.styles/images/link-external-small-ltr-progressive.svg?30a3a,0
https://en.wikipedia.org/w/skins/Vector/resources/skins.vector.styles/images/link-external-small-ltr-progressive.svg?30a3a,0
first-paint,0
first-contentful-paint,0
https://en.wikipedia.org/w/load.php?lang=en&modules=ext.math.popup%7Cext.popups.images%2Cmain&skin=vector-2022&version=be617,0
https://en.wikipedia.org/w/load.php?lang=en&modules=mw.config.values.wbCurrentSiteDetails%2CwbRepo%7Coojs-ui.styles.icons-editing-core&skin=vector-2022&version=ur3r2,0
https://en.wikipedia.org/w/load.php?lang=en&modules=mediawiki.ui.button&skin=vector-2022&version=uoov2,0
https://en.wikipedia.org/w/skins/Vector/resources/skins.vector.styles/images/bullet-icon.svg?d4515,0
https://en.wikipedia.org/w/skins/Vector/resources/skins.vector.styles/images/link-external-small-ltr-progressive.svg?30a3a,0
https://en.wikipedia.org/w/skins/Vector/resources/skins.vector.styles/images/link-external-small-ltr-progressive.svg?30a3a,0
https://en.wikipedia.org/w/skins/Vector/resources/skins.vector.styles/images/link-external-small-ltr-progressive.svg?30a3a,0
https://en.wikipedia.org/w/skins/Vector/resources/skins.vector.styles/images/link-external-small-ltr-progressive.svg?30a3a,0
https://en.wikipedia.org/w/skins/Vector/resources/skins.vector.styles/images/link-external-small-ltr-progressive.svg?30a3a,0
https://en.wikipedia.org/w/skins/Vector/resources/skins.vector.styles/images/link-external-small-ltr-progressive.svg?30a3a,0
https://en.wikipedia.org/w/skins/Vector/resources/skins.vector.styles/images/link-external-small-ltr-progressive.svg?30a3a,0
https://en.wikipedia.org/w/skins/Vector/resources/skins.vector.styles/images/link-external-small-ltr-progressive.svg?30a3a,0
https://en.wikipedia.org/w/skins/Vector/resources/skins.vector.styles/images/link-external-small-ltr-progressive.svg?30a3a,0
https://en.wikipedia.org/wiki/Software_metric,123.19999992847443
visible,0
https://en.wikipedia.org/w/load.php?lang=en&modules=codex-search-styles%7Cext.cite.styles%7Cext.uls.interlanguage%7Cext.visualEditor.desktopArticleTarget.noscript%7Cext.wikimediaBadges%7Cjquery.makeCollapsible.styles%7Cskins.vector.icons%2Cstyles%7Cskins.vector.zebra.styles%7Cwikibase.client.init&only=styles&skin=vector-2022,0
https://en.wikipedia.org/w/load.php?lang=en&modules=startup&only=scripts&raw=1&skin=vector-2022,0
https://en.wikipedia.org/w/load.php?lang=en&modules=site.styles&only=styles&skin=vector-2022,0
https://en.wikipedia.org/static/images/icons/wikipedia.png,0
https://en.wikipedia.org/static/images/mobile/copyright/wikipedia-wordmark-en.svg,0
https://en.wikipedia.org/static/images/mobile/copyright/wikipedia-tagline-en.svg,0
https://en.wikipedia.org/w/load.php?modules=skins.vector.icons&image=menu&format=original&lang=en&skin=vector-2022&version=157zz,0
"data:image/svg+xml;utf8,<svg xmlns=""http://www.w3.org/2000/svg"" xmlns:xlink=""http://www.w3.org/1999/xlink"" width=""20"" height=""20"" viewBox=""0 0 20 20"" fill=""%23202122""><path d=""M12.2 13.6a7 7 0 111.4-1.4l5.4 5.4-1.4 1.4zM3 8a5 5 0 1010 0A5 5 0 003 8z""/></svg>",0
https://en.wikipedia.org/w/load.php?modules=skins.vector.icons&image=ellipsis&format=original&lang=en&skin=vector-2022&version=157zz,0
https://en.wikipedia.org/w/skins/Vector/resources/skins.vector.styles/images/arrow-down.svg?9426f,0
https://en.wikipedia.org/w/load.php?modules=skins.vector.icons&image=language&variant=progressive&format=original&lang=en&skin=vector-2022&version=157zz,0
https://en.wikipedia.org/w/skins/Vector/resources/skins.vector.styles/images/arrow-down-progressive.svg?f0b59,0
https://en.wikipedia.org/w/skins/Vector/resources/skins.vector.styles/images/arrow-down.svg?9426f,0
https://en.wikipedia.org/w/skins/Vector/resources/skins.vector.styles/images/bullet-icon.svg?d4515,0
https://en.wikipedia.org/w/skins/Vector/resources/skins.vector.styles/images/bullet-icon.svg?d4515,0
https://en.wikipedia.org/w/skins/Vector/resources/skins.vector.styles/images/link-external-small-ltr-progressive.svg?30a3a,0
https://upload.wikimedia.org/wikipedia/commons/6/65/Lock-green.svg,0
https://upload.wikimedia.org/wikipedia/commons/4/4d/Icon_pdf_file.png,0
https://en.wikipedia.org/w/skins/Vector/resources/skins.vector.styles/images/link-external-small-ltr-progressive.svg?30a3a,0
https://en.wikipedia.org/w/skins/Vector/resources/skins.vector.styles/images/link-external-small-ltr-progressive.svg?30a3a,0
https://en.wikipedia.org/w/skins/Vector/resources/skins.vector.styles/images/link-external-small-ltr-progressive.svg?30a3a,0
https://en.wikipedia.org/w/skins/Vector/resources/skins.vector.styles/images/link-external-small-ltr-progressive.svg?30a3a,0
https://en.wikipedia.org/w/skins/Vector/resources/skins.vector.styles/images/link-external-small-ltr-progressive.svg?30a3a,0
https://en.wikipedia.org/w/skins/Vector/resources/skins.vector.styles/images/link-external-small-ltr-progressive.svg?30a3a,0
https://en.wikipedia.org/w/skins/Vector/resources/skins.vector.styles/images/link-external-small-ltr-progressive.svg?30a3a,0
https://en.wikipedia.org/w/skins/Vector/resources/skins.vector.styles/images/link-external-small-ltr-progressive.svg?30a3a,0
https://en.wikipedia.org/w/skins/Vector/resources/skins.vector.styles/images/link-external-small-ltr-progressive.svg?30a3a,0
mwStartup,0
https://en.wikipedia.org/w/load.php?lang=en&modules=ext.gadget.ReferenceTooltips%2Cswitcher&skin=vector-2022&version=7q91c,0
https://en.wikipedia.org/w/load.php?lang=en&modules=ext.visualEditor.core.utils.parsing%7Cext.visualEditor.desktopArticleTarget.init%7Cext.visualEditor.progressBarWidget%2CsupportCheck%2CtargetLoader%2CtempWikitextEditorWidget%2Ctrack%2Cve&skin=vector-2022&version=mirdk,0
https://en.wikipedia.org/w/load.php?lang=en&modules=ext.centralNotice.bannerHistoryLogger%2CchoiceData%2Cdisplay%2CgeoIP%2CimpressionDiet%2CkvStore%2ClargeBannerLimit%2ClegacySupport%2CstartUp%7Cext.centralauth.ForeignApi%2Ccentralautologin%7Cext.checkUser.clientHints%7Cext.cite.ux-enhancements%7Cext.cx.eventlogging.campaigns%7Cext.cx.model%7Cext.cx.uls.quick.actions%7Cext.echo.centralauth%7Cext.eventLogging%2CnavigationTiming%2Cpopups%2CwikimediaEvents%7Cext.growthExperiments.SuggestedEditSession%7Cext.uls.common%2Ccompactlinks%2Cinterface%2Cpreferences%2Cwebfonts%7Cext.urlShortener.toolbar%7Cjquery%2Coojs%2Csite%7Cjquery.client%2CmakeCollapsible%2CtextSelection%7Cjquery.uls.data%7Cmediawiki.ForeignApi%2CString%2CTitle%2CUri%2Capi%2Cbase%2Ccldr%2Ccookie%2Cexperiments%2CjqueryMsg%2Clanguage%2Cstorage%2Ctoc%2CtoggleAllCollapsibles%2Cuser%2Cutil%2CvisibleTimeout%7Cmediawiki.ForeignApi.core%7Cmediawiki.editfont.styles%7Cmediawiki.libs.pluralruleparser%7Cmediawiki.page.ready%7Cmediawiki.page.watch.ajax%7Cmw.cx.SiteMapper%7Coojs-ui.styles.icons-interactions%7Cskins.vector.clientPreferences%2Cjs%7Cskins.vector.icons.js%7Cwikibase.client.vector-2022&skin=vector-2022&version=1xn75,0
first-paint,0
first-contentful-paint,0
https://en.wikipedia.org/w/load.php?lang=en&modules=ext.math.popup%7Cext.popups.images%2Cmain&skin=vector-2022&version=be617,0
https://en.wikipedia.org/w/load.php?lang=en&modules=mw.config.values.wbCurrentSiteDetails%2CwbRepo%7Coojs-ui.styles.icons-editing-core&skin=vector-2022&version=ur3r2,0
https://en.wikipedia.org/w/load.php?lang=en&modules=mediawiki.ui.button&skin=vector-2022&version=uoov2,0
https://en.wikipedia.org/w/skins/Vector/resources/skins.vector.styles/images/bullet-icon.svg?d4515,0
https://en.wikipedia.org/w/skins/Vector/resources/skins.vector.styles/images/link-external-small-ltr-progressive.svg?30a3a,0
https://en.wikipedia.org/w/skins/Vector/resources/skins.vector.styles/images/link-external-small-ltr-progressive.svg?30a3a,0
https://en.wikipedia.org/w/skins/Vector/resources/skins.vector.styles/images/link-external-small-ltr-progressive.svg?30a3a,0
https://en.wikipedia.org/w/skins/Vector/resources/skins.vector.styles/images/link-external-small-ltr-progressive.svg?30a3a,0
https://en.wikipedia.org/w/skins/Vector/resources/skins.vector.styles/images/link-external-small-ltr-progressive.svg?30a3a,0
https://en.wikipedia.org/w/skins/Vector/resources/skins.vector.styles/images/link-external-small-ltr-progressive.svg?30a3a,0
https://en.wikipedia.org/w/skins/Vector/resources/skins.vector.styles/images/link-external-small-ltr-progressive.svg?30a3a,0
https://en.wikipedia.org/w/skins/Vector/resources/skins.vector.styles/images/link-external-small-ltr-progressive.svg?30a3a,0
https://en.wikipedia.org/w/skins/Vector/resources/skins.vector.styles/images/link-external-small-ltr-progressive.svg?30a3a,0
https://en.wikipedia.org/wiki/Software_metric,122.79999995231628
visible,0
https://en.wikipedia.org/w/load.php?lang=en&modules=codex-search-styles%7Cext.cite.styles%7Cext.uls.interlanguage%7Cext.visualEditor.desktopArticleTarget.noscript%7Cext.wikimediaBadges%7Cjquery.makeCollapsible.styles%7Cskins.vector.icons%2Cstyles%7Cskins.vector.zebra.styles%7Cwikibase.client.init&only=styles&skin=vector-2022,0
https://en.wikipedia.org/w/load.php?lang=en&modules=startup&only=scripts&raw=1&skin=vector-2022,0
https://en.wikipedia.org/w/load.php?lang=en&modules=site.styles&only=styles&skin=vector-2022,0
https://en.wikipedia.org/static/images/icons/wikipedia.png,0
https://en.wikipedia.org/static/images/mobile/copyright/wikipedia-wordmark-en.svg,0
https://en.wikipedia.org/static/images/mobile/copyright/wikipedia-tagline-en.svg,0
https://en.wikipedia.org/w/load.php?modules=skins.vector.icons&image=menu&format=original&lang=en&skin=vector-2022&version=157zz,0
"data:image/svg+xml;utf8,<svg xmlns=""http://www.w3.org/2000/svg"" xmlns:xlink=""http://www.w3.org/1999/xlink"" width=""20"" height=""20"" viewBox=""0 0 20 20"" fill=""%23202122""><path d=""M12.2 13.6a7 7 0 111.4-1.4l5.4 5.4-1.4 1.4zM3 8a5 5 0 1010 0A5 5 0 003 8z""/></svg>",0
https://en.wikipedia.org/w/load.php?modules=skins.vector.icons&image=ellipsis&format=original&lang=en&skin=vector-2022&version=157zz,0
https://en.wikipedia.org/w/skins/Vector/resources/skins.vector.styles/images/arrow-down.svg?9426f,0
https://en.wikipedia.org/w/load.php?modules=skins.vector.icons&image=language&variant=progressive&format=original&lang=en&skin=vector-2022&version=157zz,0
https://en.wikipedia.org/w/skins/Vector/resources/skins.vector.styles/images/arrow-down-progressive.svg?f0b59,0
https://en.wikipedia.org/w/skins/Vector/resources/skins.vector.styles/images/arrow-down.svg?9426f,0
https://en.wikipedia.org/w/skins/Vector/resources/skins.vector.styles/images/bullet-icon.svg?d4515,0
https://en.wikipedia.org/w/skins/Vector/resources/skins.vector.styles/images/bullet-icon.svg?d4515,0
https://en.wikipedia.org/w/skins/Vector/resources/skins.vector.styles/images/link-external-small-ltr-progressive.svg?30a3a,0
https://upload.wikimedia.org/wikipedia/commons/6/65/Lock-green.svg,0
https://upload.wikimedia.org/wikipedia/commons/4/4d/Icon_pdf_file.png,0
https://en.wikipedia.org/w/skins/Vector/resources/skins.vector.styles/images/link-external-small-ltr-progressive.svg?30a3a,0
https://en.wikipedia.org/w/skins/Vector/resources/skins.vector.styles/images/link-external-small-ltr-progressive.svg?30a3a,0
https://en.wikipedia.org/w/skins/Vector/resources/skins.vector.styles/images/link-external-small-ltr-progressive.svg?30a3a,0
https://en.wikipedia.org/w/skins/Vector/resources/skins.vector.styles/images/link-external-small-ltr-progressive.svg?30a3a,0
https://en.wikipedia.org/w/skins/Vector/resources/skins.vector.styles/images/link-external-small-ltr-progressive.svg?30a3a,0
https://en.wikipedia.org/w/skins/Vector/resources/skins.vector.styles/images/link-external-small-ltr-progressive.svg?30a3a,0
https://en.wikipedia.org/w/skins/Vector/resources/skins.vector.styles/images/link-external-small-ltr-progressive.svg?30a3a,0
https://en.wikipedia.org/w/skins/Vector/resources/skins.vector.styles/images/link-external-small-ltr-progressive.svg?30a3a,0
https://en.wikipedia.org/w/skins/Vector/resources/skins.vector.styles/images/link-external-small-ltr-progressive.svg?30a3a,0
mwStartup,0
https://en.wikipedia.org/w/load.php?lang=en&modules=ext.gadget.ReferenceTooltips%2Cswitcher&skin=vector-2022&version=7q91c,0
https://en.wikipedia.org/w/load.php?lang=en&modules=ext.visualEditor.core.utils.parsing%7Cext.visualEditor.desktopArticleTarget.init%7Cext.visualEditor.progressBarWidget%2CsupportCheck%2CtargetLoader%2CtempWikitextEditorWidget%2Ctrack%2Cve&skin=vector-2022&version=mirdk,0
https://en.wikipedia.org/w/load.php?lang=en&modules=ext.centralNotice.bannerHistoryLogger%2CchoiceData%2Cdisplay%2CgeoIP%2CimpressionDiet%2CkvStore%2ClargeBannerLimit%2ClegacySupport%2CstartUp%7Cext.centralauth.ForeignApi%2Ccentralautologin%7Cext.checkUser.clientHints%7Cext.cite.ux-enhancements%7Cext.cx.eventlogging.campaigns%7Cext.cx.model%7Cext.cx.uls.quick.actions%7Cext.echo.centralauth%7Cext.eventLogging%2CnavigationTiming%2Cpopups%2CwikimediaEvents%7Cext.growthExperiments.SuggestedEditSession%7Cext.uls.common%2Ccompactlinks%2Cinterface%2Cpreferences%2Cwebfonts%7Cext.urlShortener.toolbar%7Cjquery%2Coojs%2Csite%7Cjquery.client%2CmakeCollapsible%2CtextSelection%7Cjquery.uls.data%7Cmediawiki.ForeignApi%2CString%2CTitle%2CUri%2Capi%2Cbase%2Ccldr%2Ccookie%2Cexperiments%2CjqueryMsg%2Clanguage%2Cstorage%2Ctoc%2CtoggleAllCollapsibles%2Cuser%2Cutil%2CvisibleTimeout%7Cmediawiki.ForeignApi.core%7Cmediawiki.editfont.styles%7Cmediawiki.libs.pluralruleparser%7Cmediawiki.page.ready%7Cmediawiki.page.watch.ajax%7Cmw.cx.SiteMapper%7Coojs-ui.styles.icons-interactions%7Cskins.vector.clientPreferences%2Cjs%7Cskins.vector.icons.js%7Cwikibase.client.vector-2022&skin=vector-2022&version=1xn75,0
https://en.wikipedia.org/w/load.php?lang=en&modules=ext.math.popup%7Cext.popups.images%2Cmain&skin=vector-2022&version=be617,0
https://en.wikipedia.org/w/load.php?lang=en&modules=mw.config.values.wbCurrentSiteDetails%2CwbRepo%7Coojs-ui.styles.icons-editing-core&skin=vector-2022&version=ur3r2,0
first-paint,0
first-contentful-paint,0
https://en.wikipedia.org/w/load.php?lang=en&modules=mediawiki.ui.button&skin=vector-2022&version=uoov2,0
https://en.wikipedia.org/wiki/Software_metric,121.20000004768372
visible,0
https://en.wikipedia.org/w/load.php?lang=en&modules=codex-search-styles%7Cext.cite.styles%7Cext.uls.interlanguage%7Cext.visualEditor.desktopArticleTarget.noscript%7Cext.wikimediaBadges%7Cjquery.makeCollapsible.styles%7Cskins.vector.icons%2Cstyles%7Cskins.vector.zebra.styles%7Cwikibase.client.init&only=styles&skin=vector-2022,0
https://en.wikipedia.org/w/load.php?lang=en&modules=startup&only=scripts&raw=1&skin=vector-2022,0
https://en.wikipedia.org/w/load.php?lang=en&modules=site.styles&only=styles&skin=vector-2022,0
https://en.wikipedia.org/static/images/icons/wikipedia.png,0
https://en.wikipedia.org/static/images/mobile/copyright/wikipedia-wordmark-en.svg,0
https://en.wikipedia.org/static/images/mobile/copyright/wikipedia-tagline-en.svg,0
https://en.wikipedia.org/w/load.php?modules=skins.vector.icons&image=menu&format=original&lang=en&skin=vector-2022&version=157zz,0
"data:image/svg+xml;utf8,<svg xmlns=""http://www.w3.org/2000/svg"" xmlns:xlink=""http://www.w3.org/1999/xlink"" width=""20"" height=""20"" viewBox=""0 0 20 20"" fill=""%23202122""><path d=""M12.2 13.6a7 7 0 111.4-1.4l5.4 5.4-1.4 1.4zM3 8a5 5 0 1010 0A5 5 0 003 8z""/></svg>",0
https://en.wikipedia.org/w/load.php?modules=skins.vector.icons&image=ellipsis&format=original&lang=en&skin=vector-2022&version=157zz,0
https://en.wikipedia.org/w/skins/Vector/resources/skins.vector.styles/images/arrow-down.svg?9426f,0
https://en.wikipedia.org/w/load.php?modules=skins.vector.icons&image=language&variant=progressive&format=original&lang=en&skin=vector-2022&version=157zz,0
https://en.wikipedia.org/w/skins/Vector/resources/skins.vector.styles/images/arrow-down-progressive.svg?f0b59,0
https://en.wikipedia.org/w/skins/Vector/resources/skins.vector.styles/images/arrow-down.svg?9426f,0
https://en.wikipedia.org/w/skins/Vector/resources/skins.vector.styles/images/bullet-icon.svg?d4515,0
https://en.wikipedia.org/w/skins/Vector/resources/skins.vector.styles/images/bullet-icon.svg?d4515,0
https://en.wikipedia.org/w/skins/Vector/resources/skins.vector.styles/images/link-external-small-ltr-progressive.svg?30a3a,0
https://upload.wikimedia.org/wikipedia/commons/6/65/Lock-green.svg,0
https://upload.wikimedia.org/wikipedia/commons/4/4d/Icon_pdf_file.png,0
https://en.wikipedia.org/w/skins/Vector/resources/skins.vector.styles/images/link-external-small-ltr-progressive.svg?30a3a,0
https://en.wikipedia.org/w/skins/Vector/resources/skins.vector.styles/images/link-external-small-ltr-progressive.svg?30a3a,0
https://en.wikipedia.org/w/skins/Vector/resources/skins.vector.styles/images/link-external-small-ltr-progressive.svg?30a3a,0
https://en.wikipedia.org/w/skins/Vector/resources/skins.vector.styles/images/link-external-small-ltr-progressive.svg?30a3a,0
https://en.wikipedia.org/w/skins/Vector/resources/skins.vector.styles/images/link-external-small-ltr-progressive.svg?30a3a,0
https://en.wikipedia.org/w/skins/Vector/resources/skins.vector.styles/images/link-external-small-ltr-progressive.svg?30a3a,0
https://en.wikipedia.org/w/skins/Vector/resources/skins.vector.styles/images/link-external-small-ltr-progressive.svg?30a3a,0
https://en.wikipedia.org/w/skins/Vector/resources/skins.vector.styles/images/link-external-small-ltr-progressive.svg?30a3a,0
https://en.wikipedia.org/w/skins/Vector/resources/skins.vector.styles/images/link-external-small-ltr-progressive.svg?30a3a,0
mwStartup,0
https://en.wikipedia.org/w/load.php?lang=en&modules=ext.gadget.ReferenceTooltips%2Cswitcher&skin=vector-2022&version=7q91c,0
https://en.wikipedia.org/w/load.php?lang=en&modules=ext.visualEditor.core.utils.parsing%7Cext.visualEditor.desktopArticleTarget.init%7Cext.visualEditor.progressBarWidget%2CsupportCheck%2CtargetLoader%2CtempWikitextEditorWidget%2Ctrack%2Cve&skin=vector-2022&version=mirdk,0
https://en.wikipedia.org/w/load.php?lang=en&modules=ext.centralNotice.bannerHistoryLogger%2CchoiceData%2Cdisplay%2CgeoIP%2CimpressionDiet%2CkvStore%2ClargeBannerLimit%2ClegacySupport%2CstartUp%7Cext.centralauth.ForeignApi%2Ccentralautologin%7Cext.checkUser.clientHints%7Cext.cite.ux-enhancements%7Cext.cx.eventlogging.campaigns%7Cext.cx.model%7Cext.cx.uls.quick.actions%7Cext.echo.centralauth%7Cext.eventLogging%2CnavigationTiming%2Cpopups%2CwikimediaEvents%7Cext.growthExperiments.SuggestedEditSession%7Cext.uls.common%2Ccompactlinks%2Cinterface%2Cpreferences%2Cwebfonts%7Cext.urlShortener.toolbar%7Cjquery%2Coojs%2Csite%7Cjquery.client%2CmakeCollapsible%2CtextSelection%7Cjquery.uls.data%7Cmediawiki.ForeignApi%2CString%2CTitle%2CUri%2Capi%2Cbase%2Ccldr%2Ccookie%2Cexperiments%2CjqueryMsg%2Clanguage%2Cstorage%2Ctoc%2CtoggleAllCollapsibles%2Cuser%2Cutil%2CvisibleTimeout%7Cmediawiki.ForeignApi.core%7Cmediawiki.editfont.styles%7Cmediawiki.libs.pluralruleparser%7Cmediawiki.page.ready%7Cmediawiki.page.watch.ajax%7Cmw.cx.SiteMapper%7Coojs-ui.styles.icons-interactions%7Cskins.vector.clientPreferences%2Cjs%7Cskins.vector.icons.js%7Cwikibase.client.vector-2022&skin=vector-2022&version=1xn75,0
https://en.wikipedia.org/w/load.php?lang=en&modules=ext.math.popup%7Cext.popups.images%2Cmain&skin=vector-2022&version=be617,0
first-paint,0
first-contentful-paint,0
https://en.wikipedia.org/w/load.php?lang=en&modules=mw.config.values.wbCurrentSiteDetails%2CwbRepo%7Coojs-ui.styles.icons-editing-core&skin=vector-2022&version=ur3r2,0
https://en.wikipedia.org/w/load.php?lang=en&modules=mediawiki.ui.button&skin=vector-2022&version=uoov2,0
https://en.wikipedia.org/w/skins/Vector/resources/skins.vector.styles/images/bullet-icon.svg?d4515,0
https://en.wikipedia.org/w/skins/Vector/resources/skins.vector.styles/images/link-external-small-ltr-progressive.svg?30a3a,0
https://en.wikipedia.org/w/skins/Vector/resources/skins.vector.styles/images/link-external-small-ltr-progressive.svg?30a3a,0
https://en.wikipedia.org/w/skins/Vector/resources/skins.vector.styles/images/link-external-small-ltr-progressive.svg?30a3a,0
https://en.wikipedia.org/w/skins/Vector/resources/skins.vector.styles/images/link-external-small-ltr-progressive.svg?30a3a,0
https://en.wikipedia.org/w/skins/Vector/resources/skins.vector.styles/images/link-external-small-ltr-progressive.svg?30a3a,0
https://en.wikipedia.org/w/skins/Vector/resources/skins.vector.styles/images/link-external-small-ltr-progressive.svg?30a3a,0
https://en.wikipedia.org/w/skins/Vector/resources/skins.vector.styles/images/link-external-small-ltr-progressive.svg?30a3a,0
https://en.wikipedia.org/w/skins/Vector/resources/skins.vector.styles/images/link-external-small-ltr-progressive.svg?30a3a,0
https://en.wikipedia.org/w/skins/Vector/resources/skins.vector.styles/images/link-external-small-ltr-progressive.svg?30a3a,0
https://en.wikipedia.org/wiki/Software_metric,124.39999997615814
visible,0
https://en.wikipedia.org/w/load.php?lang=en&modules=codex-search-styles%7Cext.cite.styles%7Cext.uls.interlanguage%7Cext.visualEditor.desktopArticleTarget.noscript%7Cext.wikimediaBadges%7Cjquery.makeCollapsible.styles%7Cskins.vector.icons%2Cstyles%7Cskins.vector.zebra.styles%7Cwikibase.client.init&only=styles&skin=vector-2022,0
https://en.wikipedia.org/w/load.php?lang=en&modules=startup&only=scripts&raw=1&skin=vector-2022,0
https://en.wikipedia.org/w/load.php?lang=en&modules=site.styles&only=styles&skin=vector-2022,0
https://en.wikipedia.org/static/images/icons/wikipedia.png,0
https://en.wikipedia.org/static/images/mobile/copyright/wikipedia-wordmark-en.svg,0
https://en.wikipedia.org/static/images/mobile/copyright/wikipedia-tagline-en.svg,0
https://en.wikipedia.org/w/load.php?modules=skins.vector.icons&image=menu&format=original&lang=en&skin=vector-2022&version=157zz,0
"data:image/svg+xml;utf8,<svg xmlns=""http://www.w3.org/2000/svg"" xmlns:xlink=""http://www.w3.org/1999/xlink"" width=""20"" height=""20"" viewBox=""0 0 20 20"" fill=""%23202122""><path d=""M12.2 13.6a7 7 0 111.4-1.4l5.4 5.4-1.4 1.4zM3 8a5 5 0 1010 0A5 5 0 003 8z""/></svg>",0
https://en.wikipedia.org/w/load.php?modules=skins.vector.icons&image=ellipsis&format=original&lang=en&skin=vector-2022&version=157zz,0
https://en.wikipedia.org/w/skins/Vector/resources/skins.vector.styles/images/arrow-down.svg?9426f,0
https://en.wikipedia.org/w/load.php?modules=skins.vector.icons&image=language&variant=progressive&format=original&lang=en&skin=vector-2022&version=157zz,0
https://en.wikipedia.org/w/skins/Vector/resources/skins.vector.styles/images/arrow-down-progressive.svg?f0b59,0
https://en.wikipedia.org/w/skins/Vector/resources/skins.vector.styles/images/arrow-down.svg?9426f,0
https://en.wikipedia.org/w/skins/Vector/resources/skins.vector.styles/images/bullet-icon.svg?d4515,0
https://en.wikipedia.org/w/skins/Vector/resources/skins.vector.styles/images/bullet-icon.svg?d4515,0
https://en.wikipedia.org/w/skins/Vector/resources/skins.vector.styles/images/link-external-small-ltr-progressive.svg?30a3a,0
https://upload.wikimedia.org/wikipedia/commons/6/65/Lock-green.svg,0
https://upload.wikimedia.org/wikipedia/commons/4/4d/Icon_pdf_file.png,0
https://en.wikipedia.org/w/skins/Vector/resources/skins.vector.styles/images/link-external-small-ltr-progressive.svg?30a3a,0
https://en.wikipedia.org/w/skins/Vector/resources/skins.vector.styles/images/link-external-small-ltr-progressive.svg?30a3a,0
https://en.wikipedia.org/w/skins/Vector/resources/skins.vector.styles/images/link-external-small-ltr-progressive.svg?30a3a,0
https://en.wikipedia.org/w/skins/Vector/resources/skins.vector.styles/images/link-external-small-ltr-progressive.svg?30a3a,0
https://en.wikipedia.org/w/skins/Vector/resources/skins.vector.styles/images/link-external-small-ltr-progressive.svg?30a3a,0
https://en.wikipedia.org/w/skins/Vector/resources/skins.vector.styles/images/link-external-small-ltr-progressive.svg?30a3a,0
https://en.wikipedia.org/w/skins/Vector/resources/skins.vector.styles/images/link-external-small-ltr-progressive.svg?30a3a,0
https://en.wikipedia.org/w/skins/Vector/resources/skins.vector.styles/images/link-external-small-ltr-progressive.svg?30a3a,0
https://en.wikipedia.org/w/skins/Vector/resources/skins.vector.styles/images/link-external-small-ltr-progressive.svg?30a3a,0
mwStartup,0
https://en.wikipedia.org/w/load.php?lang=en&modules=ext.gadget.ReferenceTooltips%2Cswitcher&skin=vector-2022&version=7q91c,0
https://en.wikipedia.org/w/load.php?lang=en&modules=ext.visualEditor.core.utils.parsing%7Cext.visualEditor.desktopArticleTarget.init%7Cext.visualEditor.progressBarWidget%2CsupportCheck%2CtargetLoader%2CtempWikitextEditorWidget%2Ctrack%2Cve&skin=vector-2022&version=mirdk,0
https://en.wikipedia.org/w/load.php?lang=en&modules=ext.centralNotice.bannerHistoryLogger%2CchoiceData%2Cdisplay%2CgeoIP%2CimpressionDiet%2CkvStore%2ClargeBannerLimit%2ClegacySupport%2CstartUp%7Cext.centralauth.ForeignApi%2Ccentralautologin%7Cext.checkUser.clientHints%7Cext.cite.ux-enhancements%7Cext.cx.eventlogging.campaigns%7Cext.cx.model%7Cext.cx.uls.quick.actions%7Cext.echo.centralauth%7Cext.eventLogging%2CnavigationTiming%2Cpopups%2CwikimediaEvents%7Cext.growthExperiments.SuggestedEditSession%7Cext.uls.common%2Ccompactlinks%2Cinterface%2Cpreferences%2Cwebfonts%7Cext.urlShortener.toolbar%7Cjquery%2Coojs%2Csite%7Cjquery.client%2CmakeCollapsible%2CtextSelection%7Cjquery.uls.data%7Cmediawiki.ForeignApi%2CString%2CTitle%2CUri%2Capi%2Cbase%2Ccldr%2Ccookie%2Cexperiments%2CjqueryMsg%2Clanguage%2Cstorage%2Ctoc%2CtoggleAllCollapsibles%2Cuser%2Cutil%2CvisibleTimeout%7Cmediawiki.ForeignApi.core%7Cmediawiki.editfont.styles%7Cmediawiki.libs.pluralruleparser%7Cmediawiki.page.ready%7Cmediawiki.page.watch.ajax%7Cmw.cx.SiteMapper%7Coojs-ui.styles.icons-interactions%7Cskins.vector.clientPreferences%2Cjs%7Cskins.vector.icons.js%7Cwikibase.client.vector-2022&skin=vector-2022&version=1xn75,0
https://en.wikipedia.org/w/load.php?lang=en&modules=ext.math.popup%7Cext.popups.images%2Cmain&skin=vector-2022&version=be617,0
https://en.wikipedia.org/w/load.php?lang=en&modules=mw.config.values.wbCurrentSiteDetails%2CwbRepo%7Coojs-ui.styles.icons-editing-core&skin=vector-2022&version=ur3r2,0
first-paint,0
first-contentful-paint,0
https://en.wikipedia.org/w/load.php?lang=en&modules=mediawiki.ui.button&skin=vector-2022&version=uoov2,0
